<?xml version="1.0" encoding="UTF-8"?>
<beans xmlns="http://www.springframework.org/schema/beans"
	xmlns:xsi="http://www.w3.org/2001/XMLSchema-instance"
	xmlns:context="http://www.springframework.org/schema/context"
	xmlns:p="http://www.springframework.org/schema/p"
	xsi:schemaLocation="http://www.springframework.org/schema/beans
    http://www.springframework.org/schema/beans/spring-beans.xsd
    http://www.springframework.org/schema/context
    http://www.springframework.org/schema/context/spring-context.xsd">
    
    
    <bean  name="item" class="com.cognizant.truyum.model.MenuItem">
    <property name="id" value="1"/>
     <property name="name" value="Sandwich"/>
     <property name="price" value="99"/>
     <property name="active" value="true"/>
     <property name="dateOfLaunch" value="15/07/2020"/>
     <property name="category" value="Main Course"/>
      <property name="freeDelivery" value="true"/>
     
   
    
    </bean>
    <bean  name="item1" class="com.cognizant.truyum.model.MenuItem">
    <property name="id" value="2"/>
     <property name="name" value="Sandwich"/>
     <property name="price" value="99"/>
     <property name="active" value="true"/>
     <property name="dateOfLaunch" value="15/07/2020"/>
     <property name="category" value="Main Course"/>
      <property name="freeDelivery" value="true"/>
     
   
    
    </bean>
    
    <bean name="menuItemList" class="java.util.ArrayList">
    <constructor-arg>
			<list>
				<ref bean="item"></ref>
				<ref bean="item1"></ref>
				
			</list>
		</constructor-arg>
    
    </bean>
    
    
    
    </beans>