<?xml version="1.0" encoding="UTF-8"?>
<beans xmlns="http://www.springframework.org/schema/beans"
	xmlns:xsi="http://www.w3.org/2001/XMLSchema-instance"
	xmlns:context="http://www.springframework.org/schema/context"
	xmlns:p="http://www.springframework.org/schema/p"
	xsi:schemaLocation="http://www.springframework.org/schema/beans
    http://www.springframework.org/schema/beans/spring-beans.xsd
    http://www.springframework.org/schema/context
    http://www.springframework.org/schema/context/spring-context.xsd">


	<bean name="movie" class="com.cognizant.movieCruiser.model.Movie">
		<property name="id" value="1" />
		<property name="title" value="pk" />
		<property name="boxOffice" value="99" />
		<property name="active" value="true" />
		<property name="dateOfLaunch" value="15/07/2020" />
		<property name="genre" value="Main Course" />
		<property name="hasTeaser" value="true" />



	</bean>
    <bean  name="movie1" class="com.cognizant.movieCruiser.model.Movie">
    <property name="id" value="2"/>
     <property name="title" value="xyz"/>
     <property name="boxOffice" value="99"/>
     <property name="active" value="false"/>
     <property name="dateOfLaunch" value="15/07/2020"/>
     <property name="genre" value="Main Course"/>
      <property name="hasTeaser" value="false"/>
    
    </bean>
      <bean  name="movie2" class="com.cognizant.movieCruiser.model.Movie">
    <property name="id" value="2"/>
     <property name="title" value="xyz"/>
     <property name="boxOffice" value="99"/>
     <property name="active" value="true"/>
     <property name="dateOfLaunch" value="15/07/2021"/>
     <property name="genre" value="Main Course"/>
      <property name="hasTeaser" value="false"/>
    
    </bean>

	<bean name="movieList" class="java.util.ArrayList">
		<constructor-arg>
			<list>
				<ref bean="movie"></ref>
				<ref bean="movie1"></ref>
				<ref bean="movie2"></ref>

			</list>
		</constructor-arg>

	</bean>



</beans>