<?xml version="1.0" encoding="UTF-8"?>
<beans xmlns="http://www.springframework.org/schema/beans"
	xmlns:xsi="http://www.w3.org/2001/XMLSchema-instance" xmlns:context="http://www.springframework.org/schema/context"
	xmlns:p="http://www.springframework.org/schema/p"
	xsi:schemaLocation="http://www.springframework.org/schema/beans
    http://www.springframework.org/schema/beans/spring-beans.xsd
    http://www.springframework.org/schema/context
    http://www.springframework.org/schema/context/spring-context.xsd">
    
 <bean name="department" class="com.harshita.rest.webservices.restfulwebservices.department">

 
 <property name="department">
 <list>
 <value>front office</value>
 <value>In patient</value>
 <value>Out Patient</value>
 </list>
 </property>
 
 
 </bean>
    
    

</beans>